Tempo,Loudness,Duration,Key,Mode,Year,Hotttnesss,AvgTimbre,AvgPitches,Cluster,GenreLabel
104.5975196451204,-21.98193662864385,195.94757884664133,5.193916349809886,0.6210392902408112,654.9353612167304,0.31051976890434163,-7.531894041581454,0.2613486293346048,0,Popular Classics
118.81715112540194,-12.21807073954984,635.5469712861736,5.247588424437299,0.7299035369774919,655.0160771704183,0.30087187509707153,3.9996464754733503,0.36866231867724897,1,Soul & Jazz
135.81892773316864,-7.214176652254476,232.76115143298333,5.0784434836318715,0.9999999999999996,1985.2612723903646,0.4673204756855891,7.858249739646238,0.39552721304719407,2,EDM
107.51927213114753,-12.153691147540984,214.80775042622952,4.484590163934426,0.9888524590163932,-1.4779288903810084e-12,0.2512438687076597,1.7104796789946342,0.2934806187908602,3,Indie Rock
135.26110286382232,-8.439267095265926,222.30760266510813,5.146697837521917,0.9999999999999992,3.5049678550542467,0.2999511944933014,8.170840229901927,0.38303928934965176,4,Folk
114.38333984092553,-11.373740419378164,226.37500832248733,4.58351409978308,0.9804772234273322,1995.4135936370212,0.3489377945469824,1.0946254173587149,0.30182349251645024,5,Latin Pop
124.82525393258427,-9.293275655430712,236.65239977528088,6.388014981273407,-4.440892098500626e-16,-1.4779288903810084e-12,0.2916742942630268,5.827374331669538,0.3625408913346322,6,Mainstream Pop
127.77057724189902,-8.231344385832706,240.40649175584025,6.252449133383571,-5.551115123125783e-16,1994.57422758101,0.42556470066306,5.6048546285394245,0.37150819293888676,7,Chill & Lo-Fi
